{
  "answers": {
    "phase": "coding",
    "action": "source code authoring",
    "scope": "frontend",
    "action experience": 1,
    "target": "python",
    "aimodel": "chatgpt 4o",
    "tool option": "online free",
    "experience with tool": 4,
    "time allocated (h)": "0.1",
    "time saved estimate (h)": "0.2",
    "quality of ai help": 5,
    "knowledge acquired": 5,
    "generic feeling - now": 5,
    "generic feeling - future": 5,
    "threat level": 0,
    "notes": "<fill in>"
  }
}
