{
  "answers": {
    "phase": "architecture",
    "action": "architectural style selection",
    "scope":  "uml component",
    "action experience": 0,        
    "target": "n/a",
    "aimodel": "chatgpt o1",
    "tool option": "online free",
    "experience with tool": 4,
    "time allocated (h)": "0.12", 
    "time saved estimate (h)": "0.2",
    "quality of ai help": 3,
    "knowledge acquired": 4,        
    "generic feeling - now": 3,    
    "generic feeling - future": 4,  
    "threat level": 3,             
    "notes": "<fill in>"
  }
}
