{
  "answers": {
    "phase": "architecture",
    "action": "architectural style selection",
    "scope":  "uml component",
    "action experience": 0,        
    "target": "SOA",
    "aimodel": "chatgpt o1",
    "tool option": "online free",
    "experience with tool": 4,
    "time allocated (h)": "0.1",
    "time saved estimate (h)": "0.1",
    "quality of ai help": 2,
    "knowledge acquired": 3, 
    "generic feeling - now": 3,
    "generic feeling - future": 3, 
    "threat level": 2,
    "notes": "<fill in>"
  }
}
