{
    "answers": {
        "question": "How do you represent inheritance and interface implementation in a UML class diagram?",
        "inheritance": {
            "definition": "A subclass inherits attributes and behavior from a superclass.",
            "notation": "Solid line with a hollow triangle pointing to the superclass.",
            "example": "Dog inherits from Animal"
        },
        "interface_implementation": {
            "definition": "A class commits to fulfilling the contract defined by an interface.",
            "notation": "Dashed line with a hollow triangle pointing to the interface.",
            "example": "Printer implements IPrintable"
        }
    }
}