{
    "answers": {
      "phase": "coding",
      "action": "source code authoring",
      "scope":  "api",
      "action experience": 3,
      "target": "python",
      "aimodel": "deepseek R1",
      "tool option": "online free",
      "experience with tool": 2,
      "time allocated (h)": "1",
      "time saved estimate (h)": "4",
      "quality of ai help": 5,
      "knowledge acquired": 3,
      "generic feeling - now": 2,
      "generic feeling - future": 3,
      "threat level": 0,
      "notes": "<fill in>"
    }
  }
  
  