{
    "answers": {
        "question": "What is the purpose of a UML sequence diagram, and how is message passing between objects depicted?",
        "purpose": [
            "Visualize interactions between objects in a scenario",
            "Understand the order and logic of message flow",
            "Support debugging and communication of dynamic behavior"
        ],
        "message_passing": {
            "lifelines": "Vertical dashed lines representing objects",
            "synchronous": "Solid line with filled arrowhead (method call)",
            "asynchronous": "Solid line with open arrowhead",
            "return": "Dotted line with open arrowhead",
            "activation": "Thin rectangle on lifeline indicating active processing"
        }
    }
}