{
  "answers": {
    "phase": "architecture",
    "action": "architectural decision",
    "scope":  "uml component",
    "action experience": 0,        
    "target": "n/a",
    "aimodel": "chatgpt o1",
    "tool option": "online free",
    "experience with tool": 4,
    "time allocated (h)": "0.1", 
    "time saved estimate (h)": "0.2",
    "quality of ai help": 2, 
    "knowledge acquired": 2,        
    "generic feeling - now": 3,
    "generic feeling - future": 3,  
    "threat level": 3, 
    "notes": "<fill in>"
  }
}