{
    "answers": {
        "question": "In a sequence diagram, how can you model conditional or alternative flows of execution (e.g., if statements)?",
        "methods": {
            "alt": {
                "purpose": "Models mutually exclusive conditions (if-else).",
                "notation": "alt [condition] ... else [condition] ... end"
            },
            "opt": {
                "purpose": "Models a single optional condition (if only).",
                "notation": "opt [condition] ... end"
            },
            "loop": {
                "purpose": "Models repeated interaction under a condition.",
                "notation": "loop [condition] ... end"
            }
        }
    }
}