{
    "answers": {
      "phase": "deployment",
      "action": "container operations",
      "scope":  "deployment scripts",
      "action experience": 3,
      "target": "shell",
      "aimodel": "deepseek R1",
      "tool option": "online free",
      "experience with tool": 2,
      "time allocated (h)": "1",
      "time saved estimate (h)": "3",
      "quality of ai help": 5,
      "knowledge acquired": 4,
      "generic feeling - now": 2,
      "generic feeling - future": 5,
      "threat level": 0,
      "notes": "<fill in>"
    }
  }
  
  