{
  "answers": {
    "phase": "coding",
    "action": "source code authoring",
    "scope": "backend",
    "action experience": 3,
    "target": "python",
    "aimodel": "chatgpt 4o",
    "tool option": "online full",
    "experience with tool": 4,
    "time allocated (h)": "0.05",
    "time saved estimate (h)": "0.2",
    "quality of ai help": 5,
    "knowledge acquired": 3,
    "generic feeling - now": 4,
    "generic feeling - future": 4,
    "threat level": 1,
    "notes": "<fill in>"
  }
}
