{
    "answers": {
        "phase": "Design",
        "action": "Design Decision",
        "scope": "UML Sequence Diagram",
        "action_experience": 4,
        "target": "Text/Documentation",
        "ai_model": "Claude 3.7 Sonnet",
        "tool_option": "Online (Free)",
        "tool_experience_level": 3,
        "time_allocated_hours": 1,
        "time_saved_estimate_hours": 2,
        "ai_help_quality_rating": 4,
        "knowledge_gain_rating": 4,
        "current_sentiment": 4,
        "future_sentiment": 4,
        "ai_threat_level": 4,
        "notes": "Well-structured diagram, but improvements suggested for readability and organization."
    }
}