{
    "answers": {
        "question": "Which diagram gives more insight for the project: UML Sequence or Component?",
        "answer": "UML Sequence Diagram",
        "reasoning": [
            "Shows the dynamic flow of actions and data.",
            "Highlights the API calls and service communication clearly.",
            "Best suited to explain real-time processes like grade upload and notification.",
            "Component diagram lacks behavioral detail needed for this analysis."
        ],
        "use_case": "Understanding grade processing and student data flow",
        "preferred_diagram": "Sequence",
        "comparison_diagram": "Component"
    }
}