{
  "answers": {
    "phase": "design",
    "action": "design decision",
    "scope": "backend",
    "action experience": 3,
    "target": "n/a",
    "aimodel": "chatgpt 4o",
    "tool option": "online free",
    "experience with tool": 3,
    "time allocated (h)": "0.3",
    "time saved estimate (h)": "1.4",
    "quality of ai help": 3,
    "knowledge acquired": 3,
    "generic feeling - now": 2,
    "generic feeling - future": 3,
    "threat level": 3,
    "notes": "coding structure for view grade statistics microservice"
  }
}