{
  "answers": {
    "phase": "coding",
    "action": "source code authoring",
    "scope": "backend",
    "action experience": 1,
    "target": "python",
    "aimodel": "chatgpt 4o",
    "tool option": "online full",
    "experience with tool": 4,
    "time allocated (h)": "0.5",
    "time saved estimate (h)": "3",
    "quality of ai help": 5,
    "knowledge acquired": 2,
    "generic feeling - now": 2,
    "generic feeling - future": 5,
    "threat level": 1,
    "notes": "<fill in>"
  }
}
