{
  "answers": {
    "phase": "design",
    "action": "design decision",
    "scope": "uml sequence",
    "action experience": 4,
    "target": "txt/doc",
    "aimodel": "claude 3.7 sonnet",
    "tool option": "online free",
    "experience with tool": 3,
    "time allocated (h)": "1",
    "time saved estimate (h)": "2",
    "quality of ai help": 4,
    "knowledge acquired": 4,
    "generic feeling - now": 4,
    "generic feeling - future": 4,
    "threat level": 4,
    "notes": "Very good job!!"
  }
}