{
  "answers": {
    "phase": "design",
    "action": "design decision",
    "scope": "backend",
    "action experience": 3,
    "target": "n/a",
    "aimodel": "claude 3.7 sonnet",
    "tool option": "online free",
    "experience with tool": 4,
    "time allocated (h)": "2",
    "time saved estimate (h)": "4",
    "quality of ai help": 3,
    "knowledge acquired": 4,
    "generic feeling - now": 4,
    "generic feeling - future": 4,
    "threat level": 1,
    "notes": "Nothing in particural"
  }
}