{
    "answers": {
        "question": "What are the key components of a UML use case diagram, and how do they help capture system requirements?",
        "components": {
            "Actor": "Represents users or other systems that interact with the system.",
            "Use Case": "Describes a system function or goal.",
            "System Boundary": "Defines what is inside/outside the system.",
            "Association": "Links actors to use cases.",
            "Include": "Mandatory included behavior from another use case.",
            "Extend": "Optional behavior that may occur under conditions."
        },
        "benefit": "Captures system requirements and scope visually for clear communication."
    }
}