{
    "answers": {
      "phase": "architecture",
      "action": "architectural decision",
      "scope":  "uml deployment",
      "action experience": 3,
      "target": "microservices",
      "aimodel": "deepseek R1",
      "tool option": "online free",
      "experience with tool": 0,
      "time allocated (h)": "1",
      "time saved estimate (h)": "4",
      "quality of ai help": 3,
      "knowledge acquired": 3,
      "generic feeling - now": 2,
      "generic feeling - future": 4,
      "threat level": 0,
      "notes": "Helpful, provided specific technologies and distinguished the microservices into managable components."
    }
  }
  
  