{
  "answers": {
    "phase": "architecture",       
    "action": "architectural decision", 
    "scope":  "uml component",     
    "action experience": 0,        
    "target": "n/a",     
    "aimodel": "chatgpt o1",
    "tool option": "online free",
    "experience with tool": 4,
    "time allocated (h)": "0.08",
    "time saved estimate (h)": "0.15",
    "quality of ai help": 4,
    "knowledge acquired": 4,      
    "generic feeling - now": 3,   
    "generic feeling - future": 3, 
    "threat level": 4,            
    "notes": "<fill in>"
  }
}