{
    "answers": {
        "question": "What are the main types of UML diagrams, and what purpose does each serve in software design?",
        "structure_diagrams": {
            "Class Diagram": "Defines system classes, attributes, methods, and relationships.",
            "Component Diagram": "Describes modular components and their interdependencies.",
            "Deployment Diagram": "Models physical deployment of software components on hardware.",
            "Object Diagram": "Snapshot of class instances at a point in time.",
            "Package Diagram": "Organizes elements into packages for better modularity."
        },
        "behavior_diagrams": {
            "Use Case Diagram": "Visualizes interactions between users (actors) and the system.",
            "Sequence Diagram": "Illustrates message sequence between objects over time.",
            "Activity Diagram": "Represents workflows or processes.",
            "State Machine Diagram": "Models state changes in response to events.",
            "Communication Diagram": "Focuses on message flow between objects.",
            "Timing Diagram": "Captures time-based behavior, often for real-time systems.",
            "Interaction Overview Diagram": "Provides an overview of control flow between interactions."
        }
    }
}