{
    "answers": {
        "question": "In a UML Class Diagram, what is the difference between association, aggregation, and composition relationships?",
        "association": {
            "definition": "A general connection between classes where both can exist independently.",
            "notation": "Plain line",
            "example": "Teacher teaches Student"
        },
        "aggregation": {
            "definition": "A whole-part relationship where the part can exist independently.",
            "notation": "Line with a hollow diamond",
            "example": "Team has Players"
        },
        "composition": {
            "definition": "A whole-part relationship with strong ownership; parts cannot exist without the whole.",
            "notation": "Line with a filled diamond",
            "example": "House has Rooms"
        }
    }
}